Index,日期(Date),時間(Time),警报序号,描述,触发 / 复位
1,2026/09/01,21:26:23,59,PLC1_Normal_Warning1.A—报警：分析浓度超规,T
2,2026/09/01,21:28:28,59,PLC1_Normal_Warning1.A—报警：分析浓度超规,T
3,2026/09/01,21:28:49,59,PLC1_Normal_Warning1.A—报警：分析浓度超规,F
4,2026/09/01,21:29:59,59,PLC1_Normal_Warning1.A—报警：分析浓度超规,T
5,2026/09/01,21:30:21,59,PLC1_Normal_Warning1.A—报警：分析浓度超规,F
6,2026/09/01,23:59:39,59,PLC1_Normal_Warning1.A—报警：分析浓度超规,T
7,2026/09/01,23:59:53,59,PLC1_Normal_Warning1.A—报警：分析浓度超规,T
8,2026/09/01,23:59:14,59,PLC1_Normal_Warning1.A—报警：分析浓度超规,T
9,2026/09/01,23:59:04,59,PLC1_Normal_Warning1.A—报警：分析浓度超规,T
